INCIDENT NUMBER,CHARGE ID,CHARGE DATE,REPORT DATE,APPROVED DATE,ATTEMPTED OR COMMITTED,STREET ADDRESS,SUBADDRESS,CITY,STATE,ZIP CODE,DISTRICT,ZONE,SUBZONE,STATUTE TITLE,STATUTE DESCRIPTION,STATUTE CATEGORY,CRIME AGAINST,NIBRS CODE,NIBRS DESCRIPTION,CENSUS BLOCK GROUP,COUNCIL DISTRICT,CRIME PREVENTION DISTRICT,NEIGHBORHOOD,LONGITUDE,LATITUDE,GEOLOCATION
21-133694,4EDE5DAC-4F5B-4BC0-BE63-B3852F2F81BF,12/30/2021 03:57:38 PM,12/30/2021 04:37:34 PM,05/15/2023 12:38:20 PM,COMMITTED,,,BATON ROUGE,LA,70802,1,1A,1A1,13:35.3,DOMESTIC ABUSE BATTERY,BATTERY,PERSON,13B,SIMPLE ASSAULT,,10,,DOWNTOWN EAST,,,
21-017414,CAA95A34-7D63-4A7A-A765-66A55F9B61C7,02/24/2021 05:59:42 AM,02/24/2021 07:01:35 AM,02/10/2023 03:12:17 PM,COMMITTED,,,BATON ROUGE,LA,70802,1,1A,1A1,13:35.3,DOMESTIC ABUSE BATTERY,BATTERY,PERSON,13B,SIMPLE ASSAULT,,10,,DOWNTOWN EAST,,,
21-037067,20F9E3EC-8878-4849-BE7A-6CD4AAA61A81,04/20/2021 08:58:06 AM,04/20/2021 07:03:10 PM,05/24/2021 01:51:42 PM,COMMITTED,,,BATON ROUGE,LA,70802,1,1A,1A1,14:35.3(I),DOMESTIC ABUSE BATTERY - CHILD ENDANGERMENT,BATTERY,PERSON,13B,SIMPLE ASSAULT,,10,,DOWNTOWN EAST,,,
21-028695,E0DBB6AF-A1CC-4DCF-ADE7-E2577EF3E95B,03/28/2021 01:43:14 AM,03/28/2021 11:18:23 AM,03/11/2023 10:41:53 AM,COMMITTED,,,BATON ROUGE,LA,70802,5,5A,5A1,13:35.3,DOMESTIC ABUSE BATTERY,BATTERY,PERSON,13B,SIMPLE ASSAULT,,10,,DOWNTOWN EAST,,,
21-056506,64CD3F71-FAA1-494F-BC4E-24165E20AECE,06/11/2021 02:42:45 PM,06/11/2021 02:44:38 PM,06/14/2021 10:31:04 AM,COMMITTED,,,BATON ROUGE,LA,70802,1,1A,1A2,14:43.1.1,MISDEMEANOR SEXUAL BATTERY,SEXUAL ASSAULT,PERSON,11C,SEXUAL ASSAULT WITH AN OBJECT,,10,,DOWNTOWN EAST,,,
21-045355,4567B16C-762E-4592-A922-A9F59FFB8C8C,05/12/2021 02:50:32 PM,05/12/2021 02:53:16 PM,03/31/2023 08:34:45 AM,COMMITTED,,,BATON ROUGE,LA,70802,1,1A,1A1,13:35.3,DOMESTIC ABUSE BATTERY,BATTERY,PERSON,13B,SIMPLE ASSAULT,,10,,DOWNTOWN EAST,,,
21-104638,F8AA8FE4-940F-419B-A628-6E1351335C63,10/13/2021 12:10:12 PM,10/13/2021 02:56:35 PM,10/14/2021 03:11:09 PM,COMMITTED,900 N 19TH ST,,BATON ROUGE,LA,70802,1,1A,1A2,13:38,SIMPLE ASSAULT,ASSAULT,PERSON,13B,SIMPLE ASSAULT,,10,,DOWNTOWN EAST,-91.16930,30.45677,POINT (-91.169302 30.456772)
21-117587,952A412A-871F-4A52-ABBB-B44A7FFE2867,11/16/2021 04:06:51 PM,11/16/2021 06:06:20 PM,11/17/2021 02:27:43 PM,COMMITTED,1246 LAUREL ST,,BATON ROUGE,LA,70802,1,1A,1A2,13:35,SIMPLE BATTERY,BATTERY,PERSON,13B,SIMPLE ASSAULT,,10,,DOWNTOWN EAST,-91.17659,30.45058,POINT (-91.176589 30.450582)
21-039260,B693146B-6725-482D-8679-E7563D0C4F65,04/26/2021 07:13:12 AM,05/03/2021 08:36:38 AM,03/28/2023 12:33:27 PM,COMMITTED,623 N 19TH ST,,BATON ROUGE,LA,70802,1,1A,1A2,13:35,SIMPLE BATTERY,BATTERY,PERSON,13B,SIMPLE ASSAULT,,10,,DOWNTOWN EAST,-91.16972,30.45371,POINT (-91.169724 30.453713)
21-071035,B34995FE-FFBF-4144-8F74-2F956B059C92,07/19/2021 11:31:00 PM,07/19/2021 11:31:00 PM,07/24/2021 01:12:42 AM,ATTEMPTED,700 N 17TH ST,,BATON ROUGE,LA,70802,1,1A,1A2,14:30,FIRST DEGREE MURDER,HOMICIDE,PERSON,09A,MURDER & NONNEGLIGENT MANSLAUGHTER,,10,,DOWNTOWN EAST,-91.17126,30.45381,POINT (-91.171257 30.45381)
21-114556,6EE85AD7-5244-4F0B-A456-225E8CF3541C,11/08/2021 05:31:09 PM,11/08/2021 06:13:41 PM,11/12/2021 01:59:45 PM,COMMITTED,220 N 17TH ST,,BATON ROUGE,LA,70802,1,1A,1A1,14:34,AGGRAVATED BATTERY,BATTERY,PERSON,13A,AGGRAVATED ASSAULT,,10,,DOWNTOWN EAST,-91.17149,30.44915,POINT (-91.17149 30.449154)
21-060075,F9DED55F-554C-4A21-A04A-A71DA0760F05,06/20/2021 08:17:13 PM,06/20/2021 08:17:00 PM,05/09/2023 07:43:24 AM,COMMITTED,,,BATON ROUGE,LA,70802,1,1A,1A2,14:35.3(I),DOMESTIC ABUSE BATTERY - CHILD ENDANGERMENT,BATTERY,PERSON,13B,SIMPLE ASSAULT,,10,,DOWNTOWN EAST,,,
21-037067,8439FBBB-5405-41ED-A6C5-EAC5D65122C1,04/20/2021 08:58:06 AM,04/20/2021 07:03:10 PM,05/24/2021 01:51:42 PM,COMMITTED,,,BATON ROUGE,LA,70802,1,1A,1A1,14:35.3(I),DOMESTIC ABUSE BATTERY - CHILD ENDANGERMENT,BATTERY,PERSON,13B,SIMPLE ASSAULT,,10,,DOWNTOWN EAST,,,
21-064469,79CDDEDF-4012-4231-967C-2B5850911FE2,07/02/2021 08:31:38 PM,07/05/2021 10:19:43 PM,11/03/2021 03:29:57 PM,ATTEMPTED,235 S 20TH ST,,BATON ROUGE,LA,70806,1,1A,1A1,14:30.1,SECOND DEGREE MURDER,HOMICIDE,PERSON,09A,MURDER & NONNEGLIGENT MANSLAUGHTER,,10,,DOWNTOWN EAST,-91.16790,30.44629,POINT (-91.167899 30.446293)
21-073434,DD47CEA3-BCF5-4323-8698-62B2BD52F2B8,07/26/2021 01:32:53 PM,07/26/2021 03:29:47 PM,07/27/2021 12:00:59 PM,COMMITTED,744 N 11TH ST,,BATON ROUGE,LA,70802,1,1A,1A2,13:38,SIMPLE ASSAULT,ASSAULT,PERSON,13B,SIMPLE ASSAULT,,10,,DOWNTOWN EAST,-91.17852,30.45445,POINT (-91.178515 30.454452)
21-074267,BB845046-EFF9-4E0F-A966-755F1A32210A,07/28/2021 06:31:11 PM,08/14/2021 02:33:02 PM,03/03/2023 12:50:31 PM,ATTEMPTED,125 N 13TH ST,,BATON ROUGE,LA,70802,1,1A,1A1,14:30,FIRST DEGREE MURDER,HOMICIDE,PERSON,09A,MURDER & NONNEGLIGENT MANSLAUGHTER,,10,,DOWNTOWN EAST,-91.17638,30.44811,POINT (-91.176383 30.448108)
21-033223,707B64B0-A823-46CF-8EB6-77C5882EBCDB,04/09/2021 08:36:56 PM,04/09/2021 08:36:00 PM,03/16/2023 08:09:16 AM,COMMITTED,1246 LAUREL ST,,BATON ROUGE,LA,70802,1,1A,1A2,14:35,SIMPLE BATTERY,BATTERY,PERSON,13B,SIMPLE ASSAULT,,10,,DOWNTOWN EAST,-91.17659,30.45058,POINT (-91.176589 30.450582)
21-064229,8F5E749C-E2AF-4152-A19C-C04CC9FC4781,07/01/2021 11:55:10 PM,07/01/2021 11:55:00 PM,07/02/2021 03:28:26 AM,COMMITTED,1253 FLORIDA ST,,BATON ROUGE,LA,70802,1,1A,1A2,14:34,AGGRAVATED BATTERY,BATTERY,PERSON,13A,AGGRAVATED ASSAULT,,10,,DOWNTOWN EAST,-91.17633,30.44980,POINT (-91.176332 30.4498)
21-123451,25587A99-E508-4773-B834-8D86CBC31448,11/24/2021 09:00:00 AM,11/24/2021 09:00:00 AM,12/08/2021 12:59:41 AM,COMMITTED,1623 CONVENTION ST,,BATON ROUGE,LA,70802,1,1A,1A1,13:35,SIMPLE BATTERY,BATTERY,PERSON,13B,SIMPLE ASSAULT,,10,,DOWNTOWN EAST,-91.17238,30.44896,POINT (-91.172381 30.448963)
21-122435,576109FD-97EF-4B22-B775-F6EB089D0FCE,11/30/2021 07:51:31 AM,11/30/2021 08:26:59 AM,05/11/2022 07:13:33 AM,COMMITTED,812 S 15TH ST,,BATON ROUGE,LA,70802,2,2A,2A1,13:35,SIMPLE BATTERY,BATTERY,PERSON,13B,SIMPLE ASSAULT,,10,,DOWNTOWN EAST,-91.17301,30.44049,POINT (-91.173009 30.440493)
21-058311,50717554-C7DF-4544-B877-A68863259B23,06/16/2021 07:17:03 AM,06/16/2021 08:13:05 AM,06/17/2021 07:48:26 AM,COMMITTED,1334 FLORIDA ST,,BATON ROUGE,LA,70802,1,1A,1A1,14:34.7,AGGRAVATED SECOND DEGREE BATTERY,BATTERY,PERSON,13A,AGGRAVATED ASSAULT,,10,,DOWNTOWN EAST,-91.17601,30.44918,POINT (-91.17601 30.449182)
21-037116,4319E686-EB6E-4DE1-A3EC-2612CB7C1D98,04/20/2021 12:03:54 PM,04/20/2021 01:35:20 PM,03/18/2023 01:48:09 PM,COMMITTED,1000 SOUTH ST,,BATON ROUGE,LA,70802,1,1A,1A1,13:35,SIMPLE BATTERY,BATTERY,PERSON,13B,SIMPLE ASSAULT,,10,,DOWNTOWN EAST,-91.17896,30.43962,POINT (-91.178963 30.439623)
21-132796,CF1E9A30-AC79-4ABE-A66F-8AE3DF770E5F,12/28/2021 09:28:28 AM,12/28/2021 12:20:04 PM,05/19/2023 10:49:59 AM,COMMITTED,153 N 17TH ST,,BATON ROUGE,LA,70802,1,1A,1A1,13:35,SIMPLE BATTERY,BATTERY,PERSON,13B,SIMPLE ASSAULT,,10,,DOWNTOWN EAST,-91.17202,30.44847,POINT (-91.172018 30.448468)
21-063588,880BF506-1F3C-47B6-B0EA-062E0F6FE248,06/30/2021 11:35:54 AM,06/30/2021 07:42:04 PM,05/04/2023 09:21:04 AM,COMMITTED,1120 SPANISH TOWN RD,,BATON ROUGE,LA,70802,1,1A,1A2,14:62.8,HOME INVASION.,INDIVIDUAL ROBBERY,PERSON,13A,AGGRAVATED ASSAULT,,10,,DOWNTOWN EAST,-91.17760,30.45464,POINT (-91.177604 30.454636)
21-018481,EC0C7541-0B1C-47D7-B254-4B6AB7E3F97C,02/27/2021 08:06:18 AM,02/27/2021 09:05:21 AM,02/27/2021 04:40:05 PM,COMMITTED,1334 FLORIDA ST,,BATON ROUGE,LA,70802,1,1A,1A1,14:34.7,AGGRAVATED SECOND DEGREE BATTERY,BATTERY,PERSON,13A,AGGRAVATED ASSAULT,,10,,DOWNTOWN EAST,-91.17601,30.44918,POINT (-91.17601 30.449182)
21-111099,A3E40F23-0DA6-45FA-A2BC-5C8B79681A6A,10/30/2021 08:55:45 AM,10/30/2021 09:23:09 AM,10/30/2021 12:25:16 PM,COMMITTED,1900 NORTH BLVD,,BATON ROUGE,LA,70806,1,1A,1A1,13:37,AGGRAVATED ASSAULT,ASSAULT,PERSON,13A,AGGRAVATED ASSAULT,,10,,DOWNTOWN EAST,-91.16864,30.44762,POINT (-91.168643 30.44762)
21-006451,5F8CC709-840B-4CC0-AD88-C67C2058EB66,01/21/2021 05:00:00 PM,01/21/2021 07:55:15 PM,12/28/2022 06:24:38 PM,COMMITTED,1410 CONVENTION ST,,BATON ROUGE,LA,70802,1,1A,1A1,13:37,AGGRAVATED ASSAULT,ASSAULT,PERSON,13A,AGGRAVATED ASSAULT,,10,,DOWNTOWN EAST,-91.17488,30.44849,POINT (-91.174876 30.448493)
21-130830,4342B29B-AF26-4FBF-B946-3E0DD945F99E,12/22/2021 02:52:42 PM,12/22/2021 04:10:54 PM,12/23/2021 06:31:56 PM,COMMITTED,1120 SPANISH TOWN RD,,BATON ROUGE,LA,70802,1,1A,1A2,14:34,AGGRAVATED BATTERY,BATTERY,PERSON,13A,AGGRAVATED ASSAULT,,10,,DOWNTOWN EAST,-91.17760,30.45464,POINT (-91.177604 30.454636)
21-105426,8B417979-8136-459A-B458-7B1564ADB0EE,10/15/2021 01:25:57 PM,10/18/2021 01:57:24 PM,11/04/2021 06:08:30 PM,COMMITTED,153 N 17TH ST,,BATON ROUGE,LA,70802,1,1A,1A1,14:34,AGGRAVATED BATTERY,BATTERY,PERSON,13A,AGGRAVATED ASSAULT,,10,,DOWNTOWN EAST,-91.17202,30.44847,POINT (-91.172018 30.448468)
21-036574,BB3340FD-E429-44B7-ACC7-29D5B4663FF7,04/18/2021 09:29:00 PM,07/09/2021 02:24:42 PM,07/14/2021 10:59:34 AM,COMMITTED,235 S 20TH ST,,BATON ROUGE,LA,70806,1,1A,1A1,14:34,AGGRAVATED BATTERY,BATTERY,PERSON,13A,AGGRAVATED ASSAULT,,10,,DOWNTOWN EAST,-91.16790,30.44629,POINT (-91.167899 30.446293)
21-074514,5C116CEE-68D0-4DFE-80AC-9079A3886EC9,07/29/2021 12:56:14 PM,07/29/2021 03:57:10 PM,07/30/2021 12:59:46 PM,COMMITTED,40 N INTERSTATE 110 HWY,,BATON ROUGE,LA,70802,1,1A,1A1,14:37.4,AGGRAVATED ASSAULT WITH A FIREARM,ASSAULT,PERSON,13A,AGGRAVATED ASSAULT,,10,,DOWNTOWN EAST,-91.17868,30.44415,POINT (-91.178684 30.444148)
21-051106,4760A7D0-897A-402C-A1AE-2EDEAB72503B,05/27/2021 08:02:37 PM,05/28/2021 07:16:31 PM,04/14/2023 09:48:52 AM,COMMITTED,1844 GAYOSA ST,,BATON ROUGE,LA,70802,1,1A,1A2,13:35,SIMPLE BATTERY,BATTERY,PERSON,13B,SIMPLE ASSAULT,,10,,DOWNTOWN EAST,-91.17002,30.45392,POINT (-91.170025 30.453925)
21-066664,500A3CFF-77BE-4005-92B3-BA1766AB6365,07/08/2021 03:36:56 AM,07/08/2021 05:01:42 AM,07/09/2021 06:20:32 PM,COMMITTED,1717 BYNUM AVE,,BATON ROUGE,LA,70802,2,2A,2A1,13:37,AGGRAVATED ASSAULT,ASSAULT,PERSON,13A,AGGRAVATED ASSAULT,,10,,DOWNTOWN EAST,-91.17070,30.44092,POINT (-91.170704 30.440923)
21-101544,FFF802EF-C6B1-44C4-9093-D4A4D1939A93,10/05/2021 08:49:07 PM,10/05/2021 09:39:35 PM,06/06/2023 08:11:53 AM,COMMITTED,744 N 11TH ST,,BATON ROUGE,LA,70802,1,1A,1A2,13:285,IMPROPER TELEPHONE COMMUNICATION,NUISANCE,PERSON,13C,INTIMIDATION,,10,,DOWNTOWN EAST,-91.17852,30.45445,POINT (-91.178515 30.454452)
21-124518,3ED4ED2B-1E68-4080-B00B-81C862B3CB0E,12/05/2021 04:57:53 PM,12/05/2021 09:05:33 PM,12/15/2021 09:08:33 PM,COMMITTED,1041 CHARLES T. SMITH DR,,BATON ROUGE,LA,70802,1,1A,1A1,13:38,SIMPLE ASSAULT,ASSAULT,PERSON,13B,SIMPLE ASSAULT,,10,,DOWNTOWN EAST,-91.17852,30.44635,POINT (-91.178521 30.446352)
21-060075,72A1CC52-B3AA-4E3A-AD6C-6D87C98F3A92,06/20/2021 08:17:13 PM,06/20/2021 08:17:00 PM,05/09/2023 07:43:24 AM,COMMITTED,,,BATON ROUGE,LA,70802,1,1A,1A2,14:37.7,DOMESTIC ABUSE AGGRAVATED ASSAULT,ASSAULT,PERSON,13A,AGGRAVATED ASSAULT,,10,,DOWNTOWN EAST,,,
21-115062,AD6CA30F-098D-426E-85C0-64C34A2AA320,11/10/2021 05:22:39 AM,11/10/2021 05:22:00 AM,11/10/2021 06:14:43 PM,COMMITTED,1135 CONVENTION ST,,BATON ROUGE,LA,70802,1,1A,1A1,14:38,SIMPLE ASSAULT,ASSAULT,PERSON,13B,SIMPLE ASSAULT,,10,,DOWNTOWN EAST,-91.17787,30.44882,POINT (-91.177871 30.448816)
21-088400,C740E12C-669A-43F6-BAF2-D121569ACCB0,09/02/2021 07:24:34 PM,09/02/2021 11:27:41 PM,05/09/2023 11:20:53 AM,COMMITTED,1000 GOVERNMENT ST,,BATON ROUGE,LA,70802,5,5A,5A1,13:38,SIMPLE ASSAULT,ASSAULT,PERSON,13B,SIMPLE ASSAULT,,10,,DOWNTOWN EAST,-91.17951,30.44332,POINT (-91.179512 30.443321)
21-026375,3DC975BF-DB93-4977-892E-6A48DE977073,03/21/2021 03:24:36 PM,03/22/2021 12:28:29 PM,03/26/2021 02:48:05 PM,COMMITTED,,,BATON ROUGE,LA,70802,1,1A,1A1,14:34.1,SECOND DEGREE BATTERY,BATTERY,PERSON,13A,AGGRAVATED ASSAULT,,10,,DOWNTOWN EAST,,,
21-066664,C7D36536-3728-4D82-A164-7B2F03263BE3,07/08/2021 03:36:56 AM,07/08/2021 05:01:42 AM,07/09/2021 06:20:32 PM,COMMITTED,1717 BYNUM AVE,,BATON ROUGE,LA,70802,2,2A,2A1,13:37,AGGRAVATED ASSAULT,ASSAULT,PERSON,13A,AGGRAVATED ASSAULT,,10,,DOWNTOWN EAST,-91.17070,30.44092,POINT (-91.170704 30.440923)
21-050484,C47E2863-E86E-4AE0-8AD0-0D2288C3C4A7,05/26/2021 09:05:46 AM,05/27/2021 10:07:02 AM,04/11/2023 11:38:34 AM,COMMITTED,,,BATON ROUGE,LA,70802,1,1A,1A2,14:40.2,STALKING,OTHER,PERSON,13C,INTIMIDATION,,10,,DOWNTOWN EAST,,,
21-061659A,07900080-6EFA-437A-85C2-36AE1628C94F,06/25/2021 11:21:50 AM,07/02/2021 10:30:15 AM,07/08/2021 07:20:44 AM,COMMITTED,900 N 19TH ST,,BATON ROUGE,LA,70802,1,1A,1A2,13:38,SIMPLE ASSAULT,ASSAULT,PERSON,13B,SIMPLE ASSAULT,,10,,DOWNTOWN EAST,-91.16930,30.45677,POINT (-91.169302 30.456772)
21-060429,312EBF7A-1801-46CA-9B2B-6CA0FFCAB5F4,06/21/2021 07:33:04 PM,06/21/2021 09:57:34 PM,06/25/2021 08:11:09 PM,COMMITTED,,,BATON ROUGE,LA,70802,1,1A,1A2,13:35.3,DOMESTIC ABUSE BATTERY,BATTERY,PERSON,13B,SIMPLE ASSAULT,,10,,DOWNTOWN EAST,,,
21-081264,611B2409-541C-4C4D-B49E-A688DEBE726A,08/16/2021 03:23:24 PM,08/16/2021 06:03:25 PM,08/16/2021 08:59:17 PM,COMMITTED,737 S 16TH ST,,BATON ROUGE,LA,70802,2,2A,2A1,14:94,ILLEGAL USE OF WEAPONS OR DANGEROUS INSTRUMENTALITIES,BATTERY,PERSON,13A,AGGRAVATED ASSAULT,,10,,DOWNTOWN EAST,-91.17206,30.44081,POINT (-91.172061 30.440811)
21-001776,9B9089BD-9735-4DC6-BB32-08AD2FC3698A,01/06/2021 11:23:44 AM,01/08/2021 09:24:50 AM,12/05/2022 03:16:46 PM,COMMITTED,,,BATON ROUGE,LA,70802,1,1A,1A2,13:35.3,DOMESTIC ABUSE BATTERY,BATTERY,PERSON,13B,SIMPLE ASSAULT,,10,,DOWNTOWN EAST,,,
21-078542,14874A66-C17F-479B-8BBE-06256A4D6A10,08/09/2021 11:17:00 AM,08/11/2021 02:56:39 AM,12/19/2022 12:32:19 PM,COMMITTED,1137 CHARLES T. SMITH DR,,BATON ROUGE,LA,70802,1,1A,1A1,14:35,SIMPLE BATTERY,BATTERY,PERSON,13B,SIMPLE ASSAULT,,10,,DOWNTOWN EAST,-91.17747,30.44634,POINT (-91.177468 30.446336)
21-021338,7862DA80-52C9-499B-AE46-5BF0F1EB99C1,03/07/2021 10:07:16 AM,03/07/2021 09:40:30 PM,03/03/2023 08:38:09 AM,COMMITTED,1118 CONVENTION ST,,BATON ROUGE,LA,70802,1,1A,1A1,13:35,SIMPLE BATTERY,BATTERY,PERSON,13B,SIMPLE ASSAULT,,10,,DOWNTOWN EAST,-91.17819,30.44841,POINT (-91.178193 30.448409)
21-116074,07D81446-FE2E-4E55-989B-197A0AF038CE,11/12/2021 04:43:39 PM,11/12/2021 07:32:14 PM,11/15/2021 02:49:26 PM,COMMITTED,1410 CONVENTION ST,,BATON ROUGE,LA,70802,1,1A,1A1,13:35,SIMPLE BATTERY,BATTERY,PERSON,13B,SIMPLE ASSAULT,,10,,DOWNTOWN EAST,-91.17488,30.44849,POINT (-91.174876 30.448493)
21-041258,2D4FB5A7-984F-4238-BE67-604DB18C1E0E,05/01/2021 07:01:16 PM,05/05/2021 04:07:49 PM,03/22/2023 10:57:43 AM,COMMITTED,900 N 19TH ST,,BATON ROUGE,LA,70802,1,1A,1A2,13:37,AGGRAVATED ASSAULT,ASSAULT,PERSON,13A,AGGRAVATED ASSAULT,,10,,DOWNTOWN EAST,-91.16930,30.45677,POINT (-91.169302 30.456772)
21-012087,F116BB21-B27F-4D77-BE93-C530A745A4E9,02/07/2021 04:04:32 PM,02/07/2021 10:34:50 PM,08/27/2021 11:18:15 AM,COMMITTED,,,BATON ROUGE,LA,70802,2,2A,2A1,14:34.9,BATTERY OF A DATING PARTNER,BATTERY,PERSON,13B,SIMPLE ASSAULT,,10,,DOWNTOWN EAST,,,
21-132376,59FF66E0-B428-4CBB-A594-4D6B8E954B0C,12/26/2021 11:37:30 PM,12/27/2021 01:57:40 AM,05/22/2023 10:07:27 AM,COMMITTED,,,BATON ROUGE,LA,70802,1,1A,1A2,13:35.3,DOMESTIC ABUSE BATTERY,BATTERY,PERSON,13A,AGGRAVATED ASSAULT,,10,,DOWNTOWN EAST,,,
21-012944,DE805140-5D00-4630-918A-90FF37AF30E5,02/10/2021 09:27:57 AM,02/10/2021 10:47:38 AM,08/30/2021 02:41:31 PM,COMMITTED,,,BATON ROUGE,LA,70802,1,1A,1A2,14:34.9,BATTERY OF A DATING PARTNER,BATTERY,PERSON,13B,SIMPLE ASSAULT,,10,,DOWNTOWN EAST,,,
21-095219,6C1C3705-7BFF-42CB-B81A-2F47C2089F17,09/19/2021 04:58:10 PM,09/19/2021 06:47:21 PM,05/19/2023 01:35:38 PM,COMMITTED,,,BATON ROUGE,LA,70802,1,1A,1A1,14:34.9,BATTERY OF A DATING PARTNER,BATTERY,PERSON,13A,AGGRAVATED ASSAULT,,10,,DOWNTOWN EAST,,,
21-057181,5159748F-2A89-4EFA-95D2-1B5D0286E70D,06/13/2021 09:05:00 AM,06/13/2021 10:04:25 AM,06/14/2021 08:43:09 PM,COMMITTED,,,BATON ROUGE,LA,70802,1,1A,1A2,14:34,AGGRAVATED BATTERY,BATTERY,PERSON,13A,AGGRAVATED ASSAULT,,10,,DOWNTOWN EAST,,,
21-074885,E8BA4BAA-9099-4C54-8A5E-837ECE24A953,07/30/2021 02:05:20 PM,07/31/2021 02:03:02 AM,01/23/2023 02:01:13 PM,COMMITTED,153 N 17TH ST,,BATON ROUGE,LA,70802,1,1A,1A1,13:37,AGGRAVATED ASSAULT,ASSAULT,PERSON,13A,AGGRAVATED ASSAULT,,10,,DOWNTOWN EAST,-91.17202,30.44847,POINT (-91.172018 30.448468)
21-047215,E410A61C-C78F-4929-8660-44CE7005FCF5,05/17/2021 02:50:35 PM,05/17/2021 04:41:48 PM,05/17/2021 05:08:06 PM,COMMITTED,1334 FLORIDA ST,,BATON ROUGE,LA,70802,1,1A,1A1,14:37,AGGRAVATED ASSAULT,ASSAULT,PERSON,13A,AGGRAVATED ASSAULT,,10,,DOWNTOWN EAST,-91.17601,30.44918,POINT (-91.17601 30.449182)
21-012742,12399ACB-0BA8-46A9-8680-81D9CFB80D42,02/05/2021 05:39:13 PM,04/27/2021 10:41:26 AM,04/29/2021 09:44:04 AM,COMMITTED,,,BATON ROUGE,LA,70802,2,2A,2A1,14:283.2,NONCONSENTUAL DISCLOSURE/PRIVATE IMAGE - INTIMIDATION,SEXUAL ASSAULT,PERSON,13C,INTIMIDATION,,10,,DOWNTOWN EAST,,,
21-069419,C6C88935-A294-44E8-9F56-DD2DCD1E5986,07/15/2021 03:10:26 PM,07/15/2021 10:42:04 PM,05/12/2023 12:09:28 PM,COMMITTED,702 S 18TH ST,,BATON ROUGE,LA,70802,2,2A,2A1,13:38,SIMPLE ASSAULT,ASSAULT,PERSON,13B,SIMPLE ASSAULT,,10,,DOWNTOWN EAST,-91.17039,30.44178,POINT (-91.170391 30.441783)
21-056866,4DCF3693-BB3B-49EC-BD4A-39C65CEA9099,06/12/2021 01:44:00 PM,06/12/2021 04:13:10 PM,06/13/2021 07:28:34 AM,COMMITTED,,,BATON ROUGE,LA,70802,2,2A,2A1,14:42(A)(4),FIRST DEGREE RAPE-VICTIM UNDER 13 YRS OF AGE,SEXUAL ASSAULT,PERSON,11A,FORCIBLE RAPE,,10,,DOWNTOWN EAST,,,
21-121569,E0777F45-36AC-42A6-BF32-BCE227284CDF,11/27/2021 05:59:07 PM,11/27/2021 06:35:44 PM,11/28/2021 03:26:44 PM,COMMITTED,90-108 N INTERSTATE 110 HWY,,BATON ROUGE,LA,70802,1,1A,1A2,14:94,ILLEGAL USE OF WEAPONS OR DANGEROUS INSTRUMENTALITIES,BATTERY,PERSON,13A,AGGRAVATED ASSAULT,,10,,DOWNTOWN EAST,-91.18050,30.45314,POINT (-91.180503 30.453138)
21-093138,9E07C14C-6E89-4A45-A191-B0289B01C65F,09/14/2021 11:08:39 AM,09/14/2021 11:38:57 AM,09/15/2021 12:02:12 PM,COMMITTED,1253 FLORIDA ST,,BATON ROUGE,LA,70802,1,1A,1A2,14:34.1,SECOND DEGREE BATTERY,BATTERY,PERSON,13A,AGGRAVATED ASSAULT,,10,,DOWNTOWN EAST,-91.17633,30.44980,POINT (-91.176332 30.4498)
21-039341,C2E55869-9A84-405C-B5F0-4B355A37DED7,04/26/2021 11:59:44 AM,04/26/2021 12:41:32 PM,08/11/2021 08:12:45 AM,COMMITTED,220 SAINT VINCENT DE PAUL PL,,BATON ROUGE,LA,70802,1,1A,1A1,14:34.2,BATTERY OF A POLICE OFFICER,BATTERY,PERSON,13B,SIMPLE ASSAULT,,10,,DOWNTOWN EAST,-91.17246,30.44914,POINT (-91.172465 30.449144)
21-118803,4B0DEF7D-4976-4FB0-8401-7D2E1B294489,11/19/2021 06:52:16 PM,12/14/2021 10:34:47 PM,12/17/2021 01:01:42 PM,ATTEMPTED,150 S 17TH ST,,BATON ROUGE,LA,70802,1,1A,1A1,14:30,FIRST DEGREE MURDER,HOMICIDE,PERSON,09A,MURDER & NONNEGLIGENT MANSLAUGHTER,,10,,DOWNTOWN EAST,-91.17201,30.44705,POINT (-91.172009 30.447047)
21-051106,74B147B0-5A6C-4B11-9E80-864CA0BC8B5E,05/27/2021 08:02:37 PM,05/28/2021 07:16:31 PM,04/14/2023 09:48:52 AM,COMMITTED,1844 GAYOSA ST,,BATON ROUGE,LA,70802,1,1A,1A2,13:35,SIMPLE BATTERY,BATTERY,PERSON,13B,SIMPLE ASSAULT,,10,,DOWNTOWN EAST,-91.17002,30.45392,POINT (-91.170025 30.453925)
21-026658,56F9843C-CC53-4514-BF81-A03847441665,03/22/2021 01:15:00 PM,03/22/2021 11:57:00 AM,03/26/2021 01:45:43 PM,COMMITTED,3600 FLORIDA ST,,BATON ROUGE,LA,70802,1,1C,1A1,14:38.8,BATTERY OF EMERGENCY ROOM PERSONNEL,BATTERY,PERSON,13B,SIMPLE ASSAULT,,10,,DOWNTOWN EAST,-91.17512,30.44970,POINT (-91.17512 30.4497)
21-037067,1F381841-D452-4C7D-A110-00159460ACF0,04/20/2021 08:58:06 AM,04/20/2021 07:03:10 PM,05/24/2021 01:51:42 PM,COMMITTED,,,BATON ROUGE,LA,70802,1,1A,1A1,14:35.3(I),DOMESTIC ABUSE BATTERY - CHILD ENDANGERMENT,BATTERY,PERSON,13B,SIMPLE ASSAULT,,10,,DOWNTOWN EAST,,,
21-069206,C7934600-4B0A-49A8-B491-2C8A78BAC926,07/14/2021 11:49:52 PM,07/15/2021 06:39:51 PM,05/12/2023 10:42:41 AM,COMMITTED,153 N 17TH ST,,BATON ROUGE,LA,70802,1,1A,1A1,13:35,SIMPLE BATTERY,BATTERY,PERSON,13B,SIMPLE ASSAULT,,10,,DOWNTOWN EAST,-91.17202,30.44847,POINT (-91.172018 30.448468)
21-088118,145A8F69-B251-47CC-8069-1BEB869EE2BA,09/02/2021 08:20:36 AM,09/03/2021 07:06:50 AM,09/04/2021 12:23:27 PM,COMMITTED,1244 FLORIDA ST,,BATON ROUGE,LA,70802,1,1A,1A1,14:34.1,SECOND DEGREE BATTERY,BATTERY,PERSON,13A,AGGRAVATED ASSAULT,,10,,DOWNTOWN EAST,-91.17671,30.44947,POINT (-91.176708 30.449473)
21-107662,4F8B899A-0BB2-42B6-9035-109E45B92CF8,10/21/2021 10:41:11 AM,10/25/2021 09:33:45 AM,10/25/2021 10:33:20 AM,COMMITTED,1642 BLANCHE CT,,BATON ROUGE,LA,70802,2,2A,2A1,13:35,SIMPLE BATTERY,BATTERY,PERSON,13B,SIMPLE ASSAULT,,10,,DOWNTOWN EAST,-91.17139,30.44220,POINT (-91.171388 30.442201)
21-056509,EB5E8C3F-12D6-4175-B967-BEEAACC84A7C,06/11/2021 01:52:13 PM,07/08/2021 12:26:47 PM,04/28/2023 11:07:57 AM,COMMITTED,153 N 17TH ST,,BATON ROUGE,LA,70802,1,1A,1A1,13:38,SIMPLE ASSAULT,ASSAULT,PERSON,13B,SIMPLE ASSAULT,,10,,DOWNTOWN EAST,-91.17202,30.44847,POINT (-91.172018 30.448468)
21-035863,07671962-7F80-4CF5-9765-8F66FA25DC4F,04/16/2021 08:17:58 PM,04/16/2021 08:54:52 PM,03/17/2023 10:37:02 AM,COMMITTED,,,BATON ROUGE,LA,70802,1,1A,1A2,13:35.3,DOMESTIC ABUSE BATTERY/CC,BATTERY,PERSON,13B,SIMPLE ASSAULT,,10,,DOWNTOWN EAST,,,
21-064194,51CC1696-2A29-4817-84DC-B17E01BAF414,07/01/2021 09:38:38 PM,07/01/2021 09:40:00 PM,05/05/2023 07:48:38 AM,COMMITTED,,,BATON ROUGE,LA,70802,2,2A,2A1,14:40.2,STALKING,OTHER,PERSON,13C,INTIMIDATION,,10,,DOWNTOWN EAST,,,
21-123744,93581D22-927A-48AA-89CF-98A99FBE4C00,12/03/2021 04:44:13 PM,12/07/2021 05:22:25 PM,11/28/2022 01:18:11 PM,COMMITTED,1825 SPANISH TOWN RD,,BATON ROUGE,LA,70802,1,1A,1A2,14:30.1,SECOND DEGREE MURDER,HOMICIDE,PERSON,09A,MURDER & NONNEGLIGENT MANSLAUGHTER,,10,,DOWNTOWN EAST,-91.17036,30.45531,POINT (-91.170362 30.455311)
21-066664,6CA00EF9-94FC-4805-B028-72B4B02BCE13,07/08/2021 03:36:56 AM,07/08/2021 05:01:42 AM,07/09/2021 06:20:32 PM,COMMITTED,1717 BYNUM AVE,,BATON ROUGE,LA,70802,2,2A,2A1,13:37,AGGRAVATED ASSAULT,ASSAULT,PERSON,13A,AGGRAVATED ASSAULT,,10,,DOWNTOWN EAST,-91.17070,30.44092,POINT (-91.170704 30.440923)
21-011992,0F0B7E72-178C-4C09-BBC9-EA7983267F0D,02/07/2021 07:32:05 AM,02/07/2021 07:37:12 AM,01/27/2023 10:30:26 AM,COMMITTED,1330 CONVENTION ST,,BATON ROUGE,LA,70802,1,1A,1A1,13:38,SIMPLE ASSAULT,ASSAULT,PERSON,13B,SIMPLE ASSAULT,,10,,DOWNTOWN EAST,-91.17582,30.44845,POINT (-91.175816 30.448446)
21-026772,A422C5F6-E13E-4BC6-B5F9-62E9D7764746,03/22/2021 05:36:07 PM,03/27/2021 04:53:47 PM,03/11/2023 09:41:46 AM,COMMITTED,812 S 15TH ST,,BATON ROUGE,LA,70802,2,2A,2A1,13:35,SIMPLE BATTERY,BATTERY,PERSON,13B,SIMPLE ASSAULT,,10,,DOWNTOWN EAST,-91.17301,30.44049,POINT (-91.173009 30.440493)
21-042110,D77BE4AC-72A6-4122-93E9-7FF2A17D3A5A,05/04/2021 01:29:57 AM,05/04/2021 02:43:57 AM,03/23/2023 08:18:22 AM,COMMITTED,700 N 17TH ST,,BATON ROUGE,LA,70802,1,1A,1A2,14:60,AGGRAVATED BURGLARY,RESIDENTIAL BURGLARY,PERSON,13B,SIMPLE ASSAULT,,10,,DOWNTOWN EAST,-91.17126,30.45381,POINT (-91.171257 30.45381)
21-081772,A84523E7-3A7F-4FE1-A540-A87358FCE027,08/17/2021 08:29:01 PM,08/18/2021 01:42:05 AM,03/10/2023 09:41:28 AM,COMMITTED,,,BATON ROUGE,LA,70802,1,1A,1A1,14:37.7,DOMESTIC ABUSE AGGRAVATED ASSAULT,ASSAULT,PERSON,13A,AGGRAVATED ASSAULT,,10,,DOWNTOWN EAST,,,
21-069756,93C9FA98-0E30-48AF-8B7E-13CA509C56EB,07/16/2021 01:51:11 PM,07/17/2021 11:08:34 AM,07/23/2021 10:57:28 AM,COMMITTED,1919 NORTH BLVD,,BATON ROUGE,LA,70806,1,1A,1A1,13:35,SIMPLE BATTERY,BATTERY,PERSON,13B,SIMPLE ASSAULT,,10,,DOWNTOWN EAST,-91.16878,30.44839,POINT (-91.168778 30.448386)
21-061898,4CF5BFE5-50FE-4488-B0AF-D2D45A20678D,06/25/2021 11:58:05 PM,06/26/2021 01:12:35 AM,06/26/2021 05:02:17 PM,COMMITTED,,,BATON ROUGE,LA,70806,1,1A,1A1,14:43.1/N,SEXUAL BATTERY - RUBBING/TOUCHING,SEXUAL ASSAULT,PERSON,11D,FORCIBLE FONDLING,,10,,DOWNTOWN EAST,,,
21-089867,94CC3375-3F59-40F4-997F-04F711280815,09/06/2021 08:59:52 AM,09/13/2021 10:12:38 AM,05/19/2023 07:21:50 AM,COMMITTED,1253 FLORIDA ST,,BATON ROUGE,LA,70802,1,1A,1A2,13:37,AGGRAVATED ASSAULT,ASSAULT,PERSON,13A,AGGRAVATED ASSAULT,,10,,DOWNTOWN EAST,-91.17633,30.44980,POINT (-91.176332 30.4498)
21-114818A,8B116360-EDE6-44B9-B7ED-FAE3A8964295,11/09/2021 11:51:00 AM,11/09/2021 11:51:00 AM,08/26/2022 06:42:23 AM,COMMITTED,300 N 10TH ST,,BATON ROUGE,LA,70802,1,1A,1A2,14:34,AGGRAVATED BATTERY,BATTERY,PERSON,13A,AGGRAVATED ASSAULT,,10,,DOWNTOWN EAST,-91.17945,30.44997,POINT (-91.179447 30.44997)
21-053447,867B08B5-EEA5-45E9-9749-16B922C7304D,06/03/2021 06:55:09 AM,06/11/2021 01:09:17 PM,06/18/2021 12:06:11 PM,COMMITTED,335 S 20TH ST,,BATON ROUGE,LA,70806,1,1A,1A1,14:34,AGGRAVATED BATTERY,BATTERY,PERSON,13A,AGGRAVATED ASSAULT,,10,,DOWNTOWN EAST,-91.16786,30.44555,POINT (-91.167859 30.445553)
21-074267,42F4BF87-D127-419E-8671-FEEE72E73C1D,07/28/2021 06:31:11 PM,08/14/2021 02:33:02 PM,03/03/2023 12:50:31 PM,ATTEMPTED,125 N 13TH ST,,BATON ROUGE,LA,70802,1,1A,1A1,14:30,FIRST DEGREE MURDER,HOMICIDE,PERSON,09A,MURDER & NONNEGLIGENT MANSLAUGHTER,,10,,DOWNTOWN EAST,-91.17638,30.44811,POINT (-91.176383 30.448108)
21-078481,A9893150-AD36-4D1F-8885-EC7969784F21,08/09/2021 09:26:31 AM,08/09/2021 09:39:26 AM,08/10/2021 02:58:55 PM,COMMITTED,1690 NORTH BLVD,,BATON ROUGE,LA,70802,1,1A,1A1,13:285,IMPROPER TELEPHONE COMMUNICATION/CC,NUISANCE,PERSON,13C,INTIMIDATION,,10,,DOWNTOWN EAST,-91.17189,30.44744,POINT (-91.171894 30.447442)
20-038651,7C6D06B8-816C-405E-9A68-61103077BE78,05/04/2020 11:24:00 AM,03/23/2021 09:38:02 AM,04/13/2021 09:48:56 PM,COMMITTED,,,BATON ROUGE,LA,70807,1,1A,1A1,14:35.3,DOMESTIC ABUSE BATTERY,BATTERY,PERSON,13A,AGGRAVATED ASSAULT,,10,,DOWNTOWN EAST,,,
21-074903,215940E0-6F63-42D9-A437-FCD12DD69756,07/30/2021 02:54:00 PM,07/30/2021 02:54:00 PM,07/31/2021 03:12:34 PM,COMMITTED,2100 CONVENTION ST,,BATON ROUGE,LA,70806,1,1A,1A1,13:35,SIMPLE BATTERY,BATTERY,PERSON,13B,SIMPLE ASSAULT,,10,,DOWNTOWN EAST,-91.16677,30.44888,POINT (-91.166772 30.448881)
21-121882,53402700-EC7C-4EA3-AB73-6319899F3129,11/28/2021 05:54:03 PM,11/28/2021 05:54:00 PM,12/03/2021 04:24:54 PM,COMMITTED,1205 NORTH ST,,BATON ROUGE,LA,70802,1,1A,1A2,13:35,SIMPLE BATTERY,BATTERY,PERSON,13B,SIMPLE ASSAULT,,10,,DOWNTOWN EAST,-91.17712,30.45304,POINT (-91.177121 30.453042)
21-013358,B2AE8FF0-2D5A-4F7D-A4C4-7EDC29F78316,02/11/2021 01:05:22 PM,02/11/2021 02:17:09 PM,01/30/2023 09:15:56 AM,COMMITTED,,,BATON ROUGE,LA,70806,1,1A,1A1,14:40.2,STALKING,OTHER,PERSON,13C,INTIMIDATION,,10,,DOWNTOWN EAST,,,
21-049311,C820C7C9-B1ED-4416-8415-F5DB4A94BB29,05/23/2021 07:03:10 AM,05/23/2021 08:41:43 AM,05/31/2021 08:51:03 AM,ATTEMPTED,1001 NORTH ST,,BATON ROUGE,LA,70802,1,1A,1A2,14:30,FIRST DEGREE MURDER,HOMICIDE,PERSON,09A,MURDER & NONNEGLIGENT MANSLAUGHTER,,10,,DOWNTOWN EAST,-91.18006,30.45290,POINT (-91.180061 30.452903)
21-057266,7636E941-8023-4E94-8C15-165B80492FCC,06/13/2021 02:38:21 PM,06/14/2021 10:09:05 PM,06/18/2021 03:10:20 PM,COMMITTED,101 S INTERSTATE 110 HWY,,BATON ROUGE,LA,70802,5,5A,1A2,14:37.4,AGGRAVATED ASSAULT WITH A FIREARM,ASSAULT,PERSON,13A,AGGRAVATED ASSAULT,,10,,DOWNTOWN EAST,-91.18077,30.45294,POINT (-91.180774 30.452943)
21-017394,E9B79E2A-3684-407E-ABD9-0C68F664155E,02/24/2021 03:21:34 AM,02/24/2021 10:05:45 PM,02/10/2023 03:19:10 PM,COMMITTED,,,BATON ROUGE,LA,70802,1,1A,1A1,13:35.3,DOMESTIC ABUSE BATTERY,BATTERY,PERSON,13B,SIMPLE ASSAULT,,10,,DOWNTOWN EAST,,,
21-006929,3B23514B-3655-4C28-A358-0DDAE3C6E456,01/23/2021 02:17:54 AM,01/23/2021 03:34:12 AM,01/02/2023 10:15:20 AM,COMMITTED,700 N 17TH ST,34,BATON ROUGE,LA,70802,1,1A,1A2,13:285,IMPROPER TELEPHONE COMMUNICATION/CC,NUISANCE,PERSON,13C,INTIMIDATION,,10,,DOWNTOWN EAST,-91.17126,30.45381,POINT (-91.171257 30.45381)
21-012742,D3B593C4-E80A-47BF-A416-F905719D4FE8,02/05/2021 05:39:13 PM,04/27/2021 10:41:26 AM,04/29/2021 09:44:04 AM,COMMITTED,,,BATON ROUGE,LA,70802,2,2A,2A1,14:285,TELEPHONE COMMUNICATIONS; IMPROPER LANGUAGE;HARASSMENT,VICE,PERSON,13C,INTIMIDATION,,10,,DOWNTOWN EAST,,,
21-130384,FBFD9FE4-BECA-406B-9518-D3AE3FC168AE,12/21/2021 10:00:00 AM,12/21/2021 08:31:48 PM,12/22/2021 01:14:35 AM,COMMITTED,1357 FLORIDA ST,,BATON ROUGE,LA,70802,1,1A,1A2,14:35.2,SIMPLE BATTERY OF THE INFIRM,BATTERY,PERSON,13B,SIMPLE ASSAULT,,10,,DOWNTOWN EAST,-91.17507,30.44998,POINT (-91.175072 30.449979)
21-119745,0035119F-BE30-4D9D-909B-BEB29D213378,11/22/2021 07:54:00 AM,11/22/2021 07:54:00 AM,12/11/2021 08:27:07 PM,COMMITTED,,,BATON ROUGE,LA,70802,2,2A,2A1,13:35.3,DOMESTIC ABUSE BATTERY,BATTERY,PERSON,13B,SIMPLE ASSAULT,,10,,DOWNTOWN EAST,,,
21-053040,3B941B91-E04E-49DE-BE27-BD533CBC65AE,06/02/2021 12:17:28 AM,06/02/2021 01:36:50 AM,06/02/2021 02:06:46 AM,COMMITTED,700 N 17TH ST,,BATON ROUGE,LA,70802,1,1A,1A2,14:35,SIMPLE BATTERY,BATTERY,PERSON,13B,SIMPLE ASSAULT,,10,,DOWNTOWN EAST,-91.17126,30.45381,POINT (-91.171257 30.45381)
21-027726,DBBB6680-A1D0-4C36-8F89-F1A5BF481BD2,03/25/2021 05:01:08 PM,03/25/2021 05:40:22 PM,03/10/2023 03:40:33 PM,COMMITTED,,,BATON ROUGE,LA,70802,1,1A,1A1,13:35.3,DOMESTIC ABUSE BATTERY,BATTERY,PERSON,13B,SIMPLE ASSAULT,,10,,DOWNTOWN EAST,,,
21-104073,59176A5B-4966-435A-8049-B0E224559933,10/11/2021 11:28:20 PM,10/12/2021 07:11:44 AM,10/12/2021 08:34:46 AM,COMMITTED,1223 CONVENTION ST,,BATON ROUGE,LA,70802,1,1A,1A1,14:30.1,SECOND DEGREE MURDER,HOMICIDE,PERSON,09A,MURDER & NONNEGLIGENT MANSLAUGHTER,,10,,DOWNTOWN EAST,-91.17702,30.44880,POINT (-91.177018 30.448802)
21-047752,76D928E6-AEBC-43F7-9A3B-D2D35C878ABC,05/18/2021 07:07:27 PM,05/18/2021 09:58:34 PM,04/04/2023 09:09:42 AM,COMMITTED,,,BATON ROUGE,LA,70802,1,1A,1A1,13:35.3,DOMESTIC ABUSE BATTERY,BATTERY,PERSON,13B,SIMPLE ASSAULT,,10,,DOWNTOWN EAST,,,
21-070848,A9C54395-FFE6-47E3-8966-C1B82081A8B2,07/19/2021 02:01:26 PM,07/19/2021 02:59:31 PM,07/19/2021 03:35:59 PM,COMMITTED,1334 FLORIDA ST,,BATON ROUGE,LA,70802,1,1A,1A1,13:35,SIMPLE BATTERY,BATTERY,PERSON,13B,SIMPLE ASSAULT,,10,,DOWNTOWN EAST,-91.17601,30.44918,POINT (-91.17601 30.449182)
21-041701,9FB2974B-68E1-45B8-909E-5AC41EBA3F3A,05/02/2021 10:55:14 PM,05/02/2021 10:55:00 PM,03/22/2023 01:31:55 PM,COMMITTED,NORTH BLVD / S 18TH ST,,BATON ROUGE,LA,70802,1,1A,1A1,13:35,SIMPLE BATTERY,BATTERY,PERSON,13B,SIMPLE ASSAULT,,10,,DOWNTOWN EAST,-91.17032,30.44759,POINT (-91.170316 30.447592)
21-028339,D182F53E-B7C2-4865-817D-463A32FABD69,03/27/2021 09:21:00 AM,03/27/2021 09:55:24 AM,03/14/2023 07:56:16 AM,COMMITTED,,,BATON ROUGE,LA,70802,1,1A,1A2,13:35.3,DOMESTIC ABUSE BATTERY,BATTERY,PERSON,13B,SIMPLE ASSAULT,,10,,DOWNTOWN EAST,,,
21-074903,92A86AA4-A945-41C3-B685-FF0016E38DBE,07/30/2021 02:54:00 PM,07/30/2021 02:54:00 PM,07/31/2021 03:12:34 PM,COMMITTED,2100 CONVENTION ST,,BATON ROUGE,LA,70806,1,1A,1A1,13:38,SIMPLE ASSAULT,ASSAULT,PERSON,13B,SIMPLE ASSAULT,,10,,DOWNTOWN EAST,-91.16677,30.44888,POINT (-91.166772 30.448881)
21-013228,902517D9-1C93-461D-BB21-E8DE94EA4614,02/11/2021 03:00:00 AM,02/11/2021 09:34:31 AM,01/30/2023 01:00:18 PM,COMMITTED,1339 CONVENTION ST,,BATON ROUGE,LA,70802,1,1A,1A1,13:35,SIMPLE BATTERY,BATTERY,PERSON,13B,SIMPLE ASSAULT,,10,,DOWNTOWN EAST,-91.17580,30.44863,POINT (-91.175803 30.448629)
21-061608,6317421F-7B68-4AEE-B38E-E8A339B82735,06/25/2021 09:40:44 AM,06/25/2021 09:52:52 AM,07/02/2021 12:21:08 PM,COMMITTED,N 21ST ST / CONVENTION ST,,BATON ROUGE,LA,70806,1,1A,1A1,13:35,SIMPLE BATTERY,BATTERY,PERSON,13B,SIMPLE ASSAULT,,10,,DOWNTOWN EAST,-91.16677,30.44888,POINT (-91.166772 30.448881)
21-108830,C8EBA6C8-95F4-4A94-80C2-FD1C09617301,10/24/2021 02:54:30 AM,10/24/2021 08:39:47 PM,10/26/2021 01:07:49 AM,COMMITTED,FLORIDA ST / N 13TH ST,,BATON ROUGE,LA,70802,1,1A,1A1,14:34,AGGRAVATED BATTERY,BATTERY,PERSON,13A,AGGRAVATED ASSAULT,,10,,DOWNTOWN EAST,-91.17631,30.44966,POINT (-91.176307 30.449663)
21-013358,731EB587-2F45-4107-B8BE-5DAC11A87A1C,02/11/2021 01:05:22 PM,02/11/2021 02:17:09 PM,01/30/2023 09:15:56 AM,COMMITTED,,,BATON ROUGE,LA,70806,1,1A,1A1,14:40.2,STALKING,OTHER,PERSON,13C,INTIMIDATION,,10,,DOWNTOWN EAST,,,
21-052351,C0C661EC-6820-43E0-AA38-2797EC8915A2,05/31/2021 10:40:20 AM,06/04/2021 11:24:31 AM,06/04/2021 01:39:30 PM,COMMITTED,,,BATON ROUGE,LA,70802,1,1A,1A2,14:35.3(L),DOMESTIC ABUSE BATTERY - STRANGULATION,BATTERY,PERSON,13A,AGGRAVATED ASSAULT,,10,,DOWNTOWN EAST,,,
21-016563,E51C5449-6232-47EB-91AB-B5D64679BF6E,02/21/2021 12:39:41 PM,02/23/2021 01:55:43 AM,02/10/2023 02:33:51 PM,COMMITTED,1120 SPANISH TOWN RD,,BATON ROUGE,LA,70802,1,1A,1A2,13:35.4,BATTERY OF A DATING PARTNER,BATTERY,PERSON,13B,SIMPLE ASSAULT,,10,,DOWNTOWN EAST,-91.17760,30.45464,POINT (-91.177604 30.454636)
21-043687,9A315A78-A24A-47AB-8418-716FF6BCBA20,05/08/2021 03:23:12 AM,05/08/2021 04:11:59 AM,03/25/2023 12:23:57 AM,COMMITTED,235 S 20TH ST,,BATON ROUGE,LA,70806,1,1A,1A1,13:35,SIMPLE BATTERY,BATTERY,PERSON,13B,SIMPLE ASSAULT,,10,,DOWNTOWN EAST,-91.16790,30.44629,POINT (-91.167899 30.446293)
21-106307,2D10805B-E8B8-436E-9EE7-46DD68009354,10/17/2021 05:26:42 PM,10/17/2021 06:30:02 PM,10/18/2021 02:00:40 PM,COMMITTED,,,BATON ROUGE,LA,70802,2,2A,2A1,14:35.3(I),DOMESTIC ABUSE BATTERY - CHILD ENDANGERMENT,BATTERY,PERSON,13B,SIMPLE ASSAULT,,10,,DOWNTOWN EAST,,,
21-044522,694870B3-A00E-47B2-9C2D-DF1D848400FA,05/10/2021 08:55:41 AM,05/10/2021 03:50:43 PM,03/29/2023 07:02:30 AM,COMMITTED,1744 WISTERIA ST,,BATON ROUGE,LA,70802,2,2A,2A1,13:35,SIMPLE BATTERY,BATTERY,PERSON,13B,SIMPLE ASSAULT,,10,,DOWNTOWN EAST,-91.17079,30.44280,POINT (-91.17079 30.442799)
21-119008,109F70FD-5551-43FA-934E-85D803367E50,11/20/2021 08:00:00 AM,11/20/2021 09:49:43 AM,11/22/2021 02:05:39 PM,COMMITTED,1812 SPAIN ST,,BATON ROUGE,LA,70802,1,1A,1A1,13:35,SIMPLE BATTERY,BATTERY,PERSON,13B,SIMPLE ASSAULT,,10,,DOWNTOWN EAST,-91.16989,30.44468,POINT (-91.169893 30.444685)
21-027726,0E8895EC-A05C-4872-92E4-68B63E7AD5A8,03/25/2021 05:01:08 PM,03/25/2021 05:40:22 PM,03/10/2023 03:40:33 PM,COMMITTED,,,BATON ROUGE,LA,70802,1,1A,1A1,13:35.3,DOMESTIC ABUSE BATTERY,BATTERY,PERSON,13B,SIMPLE ASSAULT,,10,,DOWNTOWN EAST,,,
21-012087,AF40C83F-7DF6-4A7D-9D31-887F9C1B7201,02/07/2021 04:04:32 PM,02/07/2021 10:34:50 PM,08/27/2021 11:18:15 AM,COMMITTED,,,BATON ROUGE,LA,70802,2,2A,2A1,14:34.9,BATTERY OF A DATING PARTNER,BATTERY,PERSON,13B,SIMPLE ASSAULT,,10,,DOWNTOWN EAST,,,
21-114772,370F8A65-25EA-43C3-9B24-59E1159C0F9D,11/09/2021 09:46:19 AM,11/09/2021 09:51:42 AM,11/10/2021 01:10:10 PM,COMMITTED,712 PEACH ST,,BATON ROUGE,LA,70802,1,1A,1A1,13:38,SIMPLE ASSAULT,ASSAULT,PERSON,13B,SIMPLE ASSAULT,,10,,DOWNTOWN EAST,-91.17659,30.44112,POINT (-91.176586 30.441118)
21-074267,3900C3B7-1C6B-4A60-A8F1-72EA12A444FF,07/28/2021 06:31:11 PM,08/14/2021 02:33:02 PM,03/03/2023 12:50:31 PM,COMMITTED,125 N 13TH ST,,BATON ROUGE,LA,70802,1,1A,1A1,14:30,FIRST DEGREE MURDER,HOMICIDE,PERSON,09A,MURDER & NONNEGLIGENT MANSLAUGHTER,,10,,DOWNTOWN EAST,-91.17638,30.44811,POINT (-91.176383 30.448108)
21-012944,F07D1210-EB7E-4301-8050-4238D687F4FF,02/10/2021 09:27:57 AM,02/10/2021 10:47:38 AM,08/30/2021 02:41:31 PM,COMMITTED,,,BATON ROUGE,LA,70802,1,1A,1A2,14:34.1,SECOND DEGREE BATTERY,BATTERY,PERSON,13A,AGGRAVATED ASSAULT,,10,,DOWNTOWN EAST,,,
21-101826,6B7AAF7F-373C-4C21-80E0-1DD64903041D,10/06/2021 02:14:13 PM,10/06/2021 02:14:00 PM,06/02/2023 02:03:50 PM,COMMITTED,1642 BLANCHE CT,,BATON ROUGE,LA,70802,2,2A,2A1,14:35,SIMPLE BATTERY,BATTERY,PERSON,13B,SIMPLE ASSAULT,,10,,DOWNTOWN EAST,-91.17139,30.44220,POINT (-91.171388 30.442201)
21-037067,536AD0B6-C265-445E-B660-D46795B70290,04/20/2021 08:58:06 AM,04/20/2021 07:03:10 PM,05/24/2021 01:51:42 PM,COMMITTED,,,BATON ROUGE,LA,70802,1,1A,1A1,14:35.3(I),DOMESTIC ABUSE BATTERY - CHILD ENDANGERMENT,BATTERY,PERSON,13B,SIMPLE ASSAULT,,10,,DOWNTOWN EAST,,,
21-066664,531BCC25-47AD-498F-A111-4237684BB364,07/08/2021 03:36:56 AM,07/08/2021 05:01:42 AM,07/09/2021 06:20:32 PM,COMMITTED,1717 BYNUM AVE,,BATON ROUGE,LA,70802,2,2A,2A1,13:37,AGGRAVATED ASSAULT,ASSAULT,PERSON,13A,AGGRAVATED ASSAULT,,10,,DOWNTOWN EAST,-91.17070,30.44092,POINT (-91.170704 30.440923)
21-006827,BA40101F-E69A-4600-9D59-11770555FDEA,01/21/2021 10:30:00 PM,01/22/2021 07:56:27 PM,12/29/2022 06:53:27 PM,COMMITTED,,,BATON ROUGE,LA,70802,1,1A,1A2,13:35.3,DOMESTIC ABUSE BATTERY,BATTERY,PERSON,13B,SIMPLE ASSAULT,,10,,DOWNTOWN EAST,,,
21-053841,D327B3AF-1270-4FDD-9F0A-22F22FFB3509,06/04/2021 11:20:30 AM,06/04/2021 11:20:00 AM,06/25/2021 11:11:32 AM,COMMITTED,1042 LOUISIANA AVE,,BATON ROUGE,LA,70802,1,1A,1A1,13:35,SIMPLE BATTERY,BATTERY,PERSON,13B,SIMPLE ASSAULT,,10,,DOWNTOWN EAST,-91.17841,30.44502,POINT (-91.178413 30.445025)
21-063789,C44695A8-0988-4971-8BB3-4674C08205C9,06/30/2021 09:33:29 PM,06/30/2021 09:38:00 PM,07/02/2021 08:01:15 PM,COMMITTED,304 S 17TH ST,,BATON ROUGE,LA,70802,1,1A,1A1,13:35,SIMPLE BATTERY,BATTERY,PERSON,13B,SIMPLE ASSAULT,,10,,DOWNTOWN EAST,-91.17180,30.44556,POINT (-91.1718 30.44556)
21-080233,ADBAE743-E878-402A-8C2E-09DDB579BFAB,08/13/2021 07:54:50 PM,08/13/2021 08:00:00 PM,08/18/2021 10:09:32 AM,COMMITTED,353 N 12TH ST,,BATON ROUGE,LA,70802,1,1A,1A2,13:285,IMPROPER TELEPHONE COMMUNICATION/CC,NUISANCE,PERSON,13C,INTIMIDATION,,10,,DOWNTOWN EAST,-91.17761,30.45018,POINT (-91.177608 30.45018)
21-014385,87042189-C6D6-4C7C-B8B6-D9368728CD55,02/14/2021 04:10:00 PM,02/14/2021 05:22:17 PM,08/30/2021 01:31:27 PM,COMMITTED,1246 LAUREL ST,,BATON ROUGE,LA,70802,1,1A,1A2,14:35,SIMPLE BATTERY,BATTERY,PERSON,13B,SIMPLE ASSAULT,,10,,DOWNTOWN EAST,-91.17659,30.45058,POINT (-91.176589 30.450582)
21-051106,BFCB9B7B-80AA-4064-BEB0-67C6761FE49D,05/27/2021 08:02:37 PM,05/28/2021 07:16:31 PM,04/14/2023 09:48:52 AM,COMMITTED,1844 GAYOSA ST,,BATON ROUGE,LA,70802,1,1A,1A2,13:35,SIMPLE BATTERY,BATTERY,PERSON,13B,SIMPLE ASSAULT,,10,,DOWNTOWN EAST,-91.17002,30.45392,POINT (-91.170025 30.453925)
21-050484,A0330F7D-5C17-407E-8D45-91D7F30DB8EC,05/26/2021 09:05:46 AM,05/27/2021 10:07:02 AM,04/11/2023 11:38:34 AM,COMMITTED,,,BATON ROUGE,LA,70802,1,1A,1A2,14:38,SIMPLE ASSAULT,ASSAULT,PERSON,13B,SIMPLE ASSAULT,,10,,DOWNTOWN EAST,,,
21-037760,483AA15D-8BA7-47D9-A292-F2EE1EC4F366,04/22/2021 01:13:02 AM,06/23/2021 07:25:37 PM,06/23/2021 08:50:07 PM,COMMITTED,,,BATON ROUGE,LA,70802,1,1A,1A1,14:41/V,RAPE AND SEXUAL BATTERY/VAGINAL,SEXUAL ASSAULT,PERSON,11A,FORCIBLE RAPE,,10,,DOWNTOWN EAST,,,
21-057266,842D7EA6-EDEC-4B93-8A48-3595F5121573,06/13/2021 02:38:21 PM,06/14/2021 10:09:05 PM,06/18/2021 03:10:20 PM,COMMITTED,101 S INTERSTATE 110 HWY,,BATON ROUGE,LA,70802,5,5A,1A2,14:94,ILLEGAL USE OF WEAPONS OR DANGEROUS INSTRUMENTALITIES,BATTERY,PERSON,13A,AGGRAVATED ASSAULT,,10,,DOWNTOWN EAST,-91.18077,30.45294,POINT (-91.180774 30.452943)
21-035839,BF48D70E-6205-4130-B680-66A633463257,04/16/2021 07:01:42 PM,04/16/2021 07:56:19 PM,04/18/2021 06:41:13 AM,COMMITTED,117 S 18TH ST,,BATON ROUGE,LA,70802,1,1A,1A1,14:34,AGGRAVATED BATTERY,BATTERY,PERSON,13A,AGGRAVATED ASSAULT,,10,,DOWNTOWN EAST,-91.17006,30.44718,POINT (-91.170057 30.447182)
21-033223,E01210C1-FAEC-4126-B7C3-0ED7C70A1DBD,04/09/2021 08:36:56 PM,04/09/2021 08:36:00 PM,03/16/2023 08:09:16 AM,COMMITTED,1246 LAUREL ST,,BATON ROUGE,LA,70802,1,1A,1A2,14:35,SIMPLE BATTERY,BATTERY,PERSON,13B,SIMPLE ASSAULT,,10,,DOWNTOWN EAST,-91.17659,30.45058,POINT (-91.176589 30.450582)
21-026388,25DE815B-394E-4E76-8646-2B5DFA3B6044,03/21/2021 04:36:18 PM,03/21/2021 11:02:41 PM,03/26/2021 02:40:27 PM,COMMITTED,700 N 17TH ST,,BATON ROUGE,LA,70802,1,1A,1A2,14:34,AGGRAVATED BATTERY,BATTERY,PERSON,13A,AGGRAVATED ASSAULT,,10,,DOWNTOWN EAST,-91.17126,30.45381,POINT (-91.171257 30.45381)
21-082024,2582B959-CAE1-415D-B2D3-9E2B08935719,08/18/2021 03:37:52 PM,08/19/2021 10:03:07 PM,03/11/2023 11:52:48 AM,COMMITTED,,,BATON ROUGE,LA,70802,5,5A,5A1,13:35.3,DOMESTIC ABUSE BATTERY,BATTERY,PERSON,13B,SIMPLE ASSAULT,,10,,DOWNTOWN EAST,,,
21-103353,8226528B-3905-46CE-A861-D18E3C2ADDEA,10/10/2021 06:56:33 AM,10/10/2021 09:02:03 AM,10/10/2021 11:17:19 AM,COMMITTED,222 S 17TH ST,,BATON ROUGE,LA,70802,1,1A,1A1,13:35,SIMPLE BATTERY,BATTERY,PERSON,13B,SIMPLE ASSAULT,,10,,DOWNTOWN EAST,-91.17182,30.44625,POINT (-91.171821 30.446249)
21-126358,EE671213-8867-47D0-AFB8-4CAAE54D4627,12/10/2021 12:33:36 PM,12/10/2021 01:14:03 PM,12/13/2021 11:39:17 AM,COMMITTED,1120 SPANISH TOWN RD,,BATON ROUGE,LA,70802,1,1A,1A2,13:38,SIMPLE ASSAULT,ASSAULT,PERSON,13B,SIMPLE ASSAULT,,10,,DOWNTOWN EAST,-91.17760,30.45464,POINT (-91.177604 30.454636)
21-076461,3A3C8791-FC3B-4D4E-B43B-E2A31D6D5967,08/02/2021 10:00:00 PM,08/08/2021 11:51:55 PM,01/13/2023 09:37:38 AM,COMMITTED,1051 SPANISH TOWN RD,,BATON ROUGE,LA,70802,1,1A,1A2,13:35,SIMPLE BATTERY,BATTERY,PERSON,13B,SIMPLE ASSAULT,,10,,DOWNTOWN EAST,-91.17978,30.45489,POINT (-91.179777 30.454891)
21-032824,D540CF1E-3AE6-41D1-8161-A6A6E96E46A7,04/08/2021 08:41:02 PM,04/08/2021 08:41:00 PM,04/14/2021 03:51:24 PM,COMMITTED,1725 SOUTH ST,,BATON ROUGE,LA,70802,2,2A,2A1,14:34,AGGRAVATED BATTERY,BATTERY,PERSON,13A,AGGRAVATED ASSAULT,,10,,DOWNTOWN EAST,-91.17046,30.43998,POINT (-91.170463 30.439983)
21-067833,2800169E-013B-41D7-9995-00DF69F004DD,07/11/2021 04:11:58 AM,07/11/2021 06:56:00 PM,05/10/2023 01:02:15 PM,COMMITTED,1650 BLANCHE CT,,BATON ROUGE,LA,70802,2,2A,2A1,14:35,SIMPLE BATTERY,BATTERY,PERSON,13B,SIMPLE ASSAULT,,10,,DOWNTOWN EAST,-91.17117,30.44225,POINT (-91.171166 30.44225)
21-080034,4AB21FD2-9537-450E-B1ED-A61D4A453863,08/13/2021 11:15:00 AM,08/13/2021 12:04:48 PM,08/17/2021 08:18:16 AM,COMMITTED,1690 NORTH BLVD,,BATON ROUGE,LA,70802,1,1A,1A1,14:34.8,"BATTERY OF EMERGENCY ROOM, EMERGENCY SERVICES, OR HEALTHCARE PERSONNEL",BATTERY,PERSON,13B,SIMPLE ASSAULT,,10,,DOWNTOWN EAST,-91.17189,30.44744,POINT (-91.171894 30.447442)
21-026388,683C4BFE-60C6-4C77-ADAD-E37058D6351A,03/21/2021 04:36:18 PM,03/21/2021 11:02:41 PM,03/26/2021 02:40:27 PM,COMMITTED,700 N 17TH ST,,BATON ROUGE,LA,70802,1,1A,1A2,14:34,AGGRAVATED BATTERY,BATTERY,PERSON,13A,AGGRAVATED ASSAULT,,10,,DOWNTOWN EAST,-91.17126,30.45381,POINT (-91.171257 30.45381)
21-089834,E3936B8B-3E00-4A35-9EFD-0B786DB7FDBA,09/06/2021 04:10:33 AM,09/06/2021 05:13:55 PM,03/16/2022 08:32:23 AM,COMMITTED,,,BATON ROUGE,LA,70802,1,1A,1A2,14:62.8,HOME INVASION.,INDIVIDUAL ROBBERY,PERSON,13B,SIMPLE ASSAULT,,10,,DOWNTOWN EAST,,,
21-111099,C7942BA8-2F3D-4203-A69C-AB1EA3CFB563,10/30/2021 08:55:45 AM,10/30/2021 09:23:09 AM,10/30/2021 12:25:16 PM,COMMITTED,1900 NORTH BLVD,,BATON ROUGE,LA,70806,1,1A,1A1,13:35,SIMPLE BATTERY,BATTERY,PERSON,13B,SIMPLE ASSAULT,,10,,DOWNTOWN EAST,-91.16864,30.44762,POINT (-91.168643 30.44762)
21-123130,2A715D8C-4FE7-482F-BD2B-2B7CE7A3300A,12/02/2021 12:04:44 AM,12/02/2021 02:18:40 AM,12/02/2021 09:07:26 PM,COMMITTED,,,BATON ROUGE,LA,70802,1,1A,1A2,14:35.3,DOMESTIC ABUSE BATTERY,BATTERY,PERSON,13A,AGGRAVATED ASSAULT,,10,,DOWNTOWN EAST,,,
21-130042,9EC64CD7-EDC7-4F00-A299-771157DAEC53,12/20/2021 10:57:43 AM,12/21/2021 09:27:01 AM,12/21/2021 12:13:04 PM,COMMITTED,1424 CONVENTION ST,,BATON ROUGE,LA,70802,1,1A,1A1,13:37,AGGRAVATED ASSAULT,ASSAULT,PERSON,13A,AGGRAVATED ASSAULT,,10,,DOWNTOWN EAST,-91.17420,30.44867,POINT (-91.174205 30.44867)
21-089834,A04058C9-CA5D-411E-BD1B-F717FD169D20,09/06/2021 04:10:33 AM,09/06/2021 05:13:55 PM,03/16/2022 08:32:23 AM,COMMITTED,,,BATON ROUGE,LA,70802,1,1A,1A2,14:34.9,BATTERY OF A DATING PARTNER,BATTERY,PERSON,13B,SIMPLE ASSAULT,,10,,DOWNTOWN EAST,,,
21-046823,E717F856-78E7-43B8-B3F9-D454BFFCBE10,05/16/2021 12:48:47 PM,05/24/2021 12:29:45 PM,05/24/2021 12:49:57 PM,COMMITTED,1118 CONVENTION ST,,BATON ROUGE,LA,70802,1,1A,1A1,14:37.4,AGGRAVATED ASSAULT WITH A FIREARM,ASSAULT,PERSON,13A,AGGRAVATED ASSAULT,,10,,DOWNTOWN EAST,-91.17819,30.44841,POINT (-91.178193 30.448409)
21-123451,C8BC0E26-46D4-4329-ABDC-ABF69313C7A9,11/24/2021 09:00:00 AM,11/24/2021 09:00:00 AM,12/08/2021 12:59:41 AM,COMMITTED,1623 CONVENTION ST,,BATON ROUGE,LA,70802,1,1A,1A1,13:37,AGGRAVATED ASSAULT,ASSAULT,PERSON,13A,AGGRAVATED ASSAULT,,10,,DOWNTOWN EAST,-91.17238,30.44896,POINT (-91.172381 30.448963)
21-063699,393AE8BE-9146-4A0C-8F68-EA0F091EE43C,06/30/2021 05:38:06 PM,06/30/2021 07:01:36 PM,07/01/2021 06:46:46 PM,COMMITTED,1357 FLORIDA ST,,BATON ROUGE,LA,70802,1,1A,1A2,14:34.7,AGGRAVATED SECOND DEGREE BATTERY,BATTERY,PERSON,13A,AGGRAVATED ASSAULT,,10,,DOWNTOWN EAST,-91.17507,30.44998,POINT (-91.175072 30.449979)
21-036574,A71B762D-5DBC-4E54-9FB0-7146AC76B5B3,04/18/2021 08:30:46 PM,04/18/2021 10:30:00 PM,04/20/2021 05:33:59 PM,COMMITTED,235 S 20TH ST,,BATON ROUGE,LA,70806,1,1A,1A1,14:34,AGGRAVATED BATTERY,BATTERY,PERSON,13A,AGGRAVATED ASSAULT,,10,,DOWNTOWN EAST,-91.16790,30.44629,POINT (-91.167899 30.446293)
21-088457,681537BA-B233-4779-98F1-99AB87C85B6F,09/02/2021 09:05:42 PM,09/02/2021 10:48:52 PM,09/07/2021 05:06:46 PM,COMMITTED,,,BATON ROUGE,LA,70802,2,2A,2A1,14:43.1/N,SEXUAL BATTERY - RUBBING/TOUCHING,SEXUAL ASSAULT,PERSON,11D,FORCIBLE FONDLING,,10,,DOWNTOWN EAST,,,
21-041290,6A0B5F4C-C10D-4A2D-AE86-047634F1258D,05/01/2021 08:22:26 PM,05/01/2021 09:13:33 PM,05/05/2021 08:05:58 PM,ATTEMPTED,928 N 19TH ST,,BATON ROUGE,LA,70802,1,1A,1A2,14:30.1,SECOND DEGREE MURDER,HOMICIDE,PERSON,09A,MURDER & NONNEGLIGENT MANSLAUGHTER,,10,,DOWNTOWN EAST,-91.16940,30.45712,POINT (-91.169402 30.45712)
21-006466,534AC0E4-AA7F-4DEE-BDA2-C818FBF9A6BE,01/21/2021 05:01:03 PM,01/21/2021 07:25:11 PM,08/27/2021 08:49:32 AM,COMMITTED,,,BATON ROUGE,LA,70802,1,1A,1A1,14:43.1,SEXUAL BATTERY/FORCIBLE,SEXUAL ASSAULT,PERSON,11D,FORCIBLE FONDLING,,10,,DOWNTOWN EAST,,,
21-071648,80D7C0EE-A119-4313-A550-A3963E96DA25,07/21/2021 03:00:00 PM,07/21/2021 05:50:18 PM,07/22/2021 06:09:55 PM,COMMITTED,1253 FLORIDA ST,,BATON ROUGE,LA,70802,1,1A,1A2,14:37,AGGRAVATED ASSAULT,ASSAULT,PERSON,13A,AGGRAVATED ASSAULT,,10,,DOWNTOWN EAST,-91.17633,30.44980,POINT (-91.176332 30.4498)
21-126305,D5DA36F4-DCCA-435D-BDAB-5E54247BB9A1,12/09/2021 11:00:00 PM,12/14/2021 08:23:51 AM,12/14/2021 01:30:24 PM,ATTEMPTED,1818 AMERICA ST,,BATON ROUGE,LA,70802,1,1A,1A1,14:30.1,SECOND DEGREE MURDER,HOMICIDE,PERSON,09A,MURDER & NONNEGLIGENT MANSLAUGHTER,,10,,DOWNTOWN EAST,-91.17202,30.44847,POINT (-91.172018 30.448468)
21-105426,E6DA9332-F76C-45DD-9CE0-6FE7F41DE26D,10/15/2021 01:25:57 PM,10/15/2021 01:56:00 PM,10/18/2021 07:08:59 PM,COMMITTED,153 N 17TH ST,,BATON ROUGE,LA,70802,1,1A,1A1,14:34,AGGRAVATED BATTERY,BATTERY,PERSON,13A,AGGRAVATED ASSAULT,,10,,DOWNTOWN EAST,-91.17202,30.44847,POINT (-91.172018 30.448468)
21-057466,18AB9EAB-4A04-4629-B8F2-9BD62EA13CC9,06/13/2021 10:05:00 PM,10/13/2021 11:33:43 AM,04/26/2023 10:45:36 AM,COMMITTED,1900  FLORIDA ST,,BATON ROUGE,LA,70802,1,1A,1A2,14:32,NEGLIGENT HOMICIDE,HOMICIDE,PERSON,09B,NEGLIGENT MANSLAUGHTER,,10,,DOWNTOWN EAST,-91.16879,30.44993,POINT (-91.16879 30.44993)
21-007333,1C3698E6-FBE6-4CF9-BFE3-73FC03EE8902,01/24/2021 11:31:08 AM,03/30/2021 01:55:56 PM,01/03/2023 01:13:28 PM,COMMITTED,153 N 17TH ST,,BATON ROUGE,LA,70802,1,1A,1A1,14:34.7,AGGRAVATED SECOND DEGREE BATTERY,BATTERY,PERSON,13A,AGGRAVATED ASSAULT,,10,,DOWNTOWN EAST,-91.17202,30.44847,POINT (-91.172018 30.448468)
21-043311,1615DA51-7F64-411C-9BC6-D1042723CB0E,05/07/2021 05:54:38 AM,05/07/2021 08:25:51 AM,03/24/2023 07:11:48 AM,COMMITTED,2029 GRACIE ST,,BATON ROUGE,LA,70802,1,1A,1A2,14:34.1,SECOND DEGREE BATTERY,BATTERY,PERSON,13A,AGGRAVATED ASSAULT,,10,,DOWNTOWN EAST,-91.16785,30.45655,POINT (-91.167848 30.456553)
21-104011,4AFB2B32-6474-459D-9E79-AAB4072215D4,10/11/2021 08:20:03 PM,10/11/2021 08:30:31 PM,10/12/2021 08:35:31 AM,COMMITTED,700 N 17TH ST,,BATON ROUGE,LA,70802,1,1A,1A2,13:35,SIMPLE BATTERY,BATTERY,PERSON,13B,SIMPLE ASSAULT,,10,,DOWNTOWN EAST,-91.17126,30.45381,POINT (-91.171257 30.45381)
21-026772,BF3203CE-2AB6-454A-B7ED-46CC785F3F63,03/22/2021 05:36:07 PM,03/27/2021 04:53:47 PM,03/11/2023 09:41:46 AM,COMMITTED,812 S 15TH ST,,BATON ROUGE,LA,70802,2,2A,2A1,13:35,SIMPLE BATTERY,BATTERY,PERSON,13B,SIMPLE ASSAULT,,10,,DOWNTOWN EAST,-91.17301,30.44049,POINT (-91.173009 30.440493)
21-006466,14990F3F-A51B-454C-B230-3549248B9516,01/21/2021 05:01:03 PM,01/21/2021 07:25:11 PM,08/27/2021 08:49:32 AM,COMMITTED,,,BATON ROUGE,LA,70802,1,1A,1A1,14:38,SIMPLE ASSAULT,ASSAULT,PERSON,13B,SIMPLE ASSAULT,,10,,DOWNTOWN EAST,,,
21-119587,F2C2905A-56CA-47D6-95F0-4A06A91E6DDC,11/21/2021 06:29:29 PM,11/21/2021 08:33:43 PM,11/22/2021 07:20:17 PM,ATTEMPTED,1410 CONVENTION ST,,BATON ROUGE,LA,70802,1,1A,1A1,14:30.1,SECOND DEGREE MURDER,HOMICIDE,PERSON,09A,MURDER & NONNEGLIGENT MANSLAUGHTER,,10,,DOWNTOWN EAST,-91.17488,30.44849,POINT (-91.174876 30.448493)
21-041357,24557376-6B7F-42FF-B14E-B8E6E3ECD9BA,05/01/2021 11:36:10 PM,05/02/2021 02:00:33 AM,05/10/2021 01:54:56 AM,COMMITTED,1115 GOVERNMENT ST,,BATON ROUGE,LA,70802,1,1A,1A1,14:34.7,AGGRAVATED SECOND DEGREE BATTERY,BATTERY,PERSON,13A,AGGRAVATED ASSAULT,,10,,DOWNTOWN EAST,-91.17732,30.44396,POINT (-91.177322 30.443965)
21-018939,62439F18-3A48-49F1-A6A6-1E6150286CA3,02/28/2021 12:37:19 PM,03/01/2021 08:04:23 AM,07/19/2021 11:13:12 AM,COMMITTED,,,BATON ROUGE,LA,70802,1,1A,1A2,14:35.3,DOMESTIC ABUSE BATTERY,BATTERY,PERSON,13B,SIMPLE ASSAULT,,10,,DOWNTOWN EAST,,,
21-132723,D3F51F09-A73F-4ACB-9890-02518ED4E332,12/28/2021 12:23:13 AM,12/28/2021 01:05:17 AM,01/01/2022 12:25:22 AM,ATTEMPTED,1120 SPANISH TOWN RD,,BATON ROUGE,LA,70802,1,1A,1A2,14:30.1,SECOND DEGREE MURDER,HOMICIDE,PERSON,09A,MURDER & NONNEGLIGENT MANSLAUGHTER,,10,,DOWNTOWN EAST,-91.17760,30.45464,POINT (-91.177604 30.454636)
21-027122,95FED35D-1564-4437-845A-00836ACA6412,03/23/2021 08:34:47 PM,03/23/2021 09:09:00 PM,03/11/2023 08:24:37 AM,COMMITTED,1120 GOVERNMENT ST,,BATON ROUGE,LA,70802,1,1A,1A1,14:34,AGGRAVATED BATTERY,BATTERY,PERSON,13A,AGGRAVATED ASSAULT,,10,,DOWNTOWN EAST,-91.17674,30.44324,POINT (-91.176741 30.443235)
21-124518,8B5B760D-183F-40C8-ADC5-C74D9CE7D5EA,12/05/2021 04:57:53 PM,12/05/2021 09:05:33 PM,12/15/2021 09:08:33 PM,COMMITTED,1041 CHARLES T. SMITH DR,,BATON ROUGE,LA,70802,1,1A,1A1,13:38,SIMPLE ASSAULT,ASSAULT,PERSON,13B,SIMPLE ASSAULT,,10,,DOWNTOWN EAST,-91.17852,30.44635,POINT (-91.178521 30.446352)
21-073364,84DAE927-89FF-49A0-A87E-620CC5378B8B,07/26/2021 09:15:03 AM,07/26/2021 10:40:15 AM,07/29/2021 11:44:38 AM,COMMITTED,,,BATON ROUGE,LA,70802,1,1A,1A1,14:35.3(I),DOMESTIC ABUSE BATTERY - CHILD ENDANGERMENT,BATTERY,PERSON,13A,AGGRAVATED ASSAULT,,10,,DOWNTOWN EAST,,,
21-119595,31F1238C-A206-431A-ADF8-6966D1E12F02,11/21/2021 07:52:17 PM,12/14/2021 09:47:45 PM,12/17/2021 01:15:41 PM,ATTEMPTED,446 N 12TH ST,,BATON ROUGE,LA,70802,1,1A,1A2,14:30,FIRST DEGREE MURDER,HOMICIDE,PERSON,09A,MURDER & NONNEGLIGENT MANSLAUGHTER,,10,,DOWNTOWN EAST,-91.17734,30.45124,POINT (-91.177339 30.451235)
21-073364,17D9C4B4-A649-4273-80A3-3933F2D28AF0,07/26/2021 09:15:03 AM,07/26/2021 10:40:15 AM,07/29/2021 11:44:38 AM,COMMITTED,,,BATON ROUGE,LA,70802,1,1A,1A1,14:34.7,AGGRAVATED SECOND DEGREE BATTERY,BATTERY,PERSON,13A,AGGRAVATED ASSAULT,,10,,DOWNTOWN EAST,,,
21-037067,45B52722-6D2B-4508-8947-E17D369CA0AD,04/20/2021 08:58:06 AM,04/20/2021 07:03:10 PM,05/24/2021 01:51:42 PM,COMMITTED,,,BATON ROUGE,LA,70802,1,1A,1A1,14:35.3(I),DOMESTIC ABUSE BATTERY - CHILD ENDANGERMENT,BATTERY,PERSON,13B,SIMPLE ASSAULT,,10,,DOWNTOWN EAST,,,
21-082242,7E8DCA02-C9D3-41E9-B57F-DB4F745B379C,08/19/2021 08:35:16 AM,08/19/2021 09:00:12 AM,08/23/2021 12:06:36 PM,COMMITTED,N INTERSTATE 110 HWY / FUQUA ST,,BATON ROUGE,LA,70802,1,1A,1A2,14:37.4,AGGRAVATED ASSAULT WITH A FIREARM,ASSAULT,PERSON,13A,AGGRAVATED ASSAULT,,10,,DOWNTOWN EAST,-91.17106,30.45724,POINT (-91.171055 30.457241)
21-075886,BC236741-826F-4820-89DE-D0E8C4F1D047,08/02/2021 01:13:17 AM,08/01/2021 01:13:00 AM,01/13/2023 10:47:49 AM,COMMITTED,146 S 21ST ST,,BATON ROUGE,LA,70806,1,1A,1A1,13:35,SIMPLE BATTERY,BATTERY,PERSON,13B,SIMPLE ASSAULT,,10,,DOWNTOWN EAST,-91.16712,30.44731,POINT (-91.167122 30.447307)
21-063143,3339EB44-FA9D-4ACA-B54A-6A71D38C73F2,06/29/2021 09:46:24 AM,06/29/2021 11:41:05 AM,05/04/2023 06:15:53 AM,COMMITTED,,,BATON ROUGE,LA,70802,2,2A,2A1,14:35.3(I),DOMESTIC ABUSE BATTERY - CHILD ENDANGERMENT,BATTERY,PERSON,13B,SIMPLE ASSAULT,,10,,DOWNTOWN EAST,,,
21-098839,DD75751E-60DA-4D0F-A48A-61B7A572583C,09/29/2021 02:09:17 AM,11/08/2021 03:28:00 PM,11/10/2021 01:33:21 PM,COMMITTED,SOUTH ST / S 12TH ST,,BATON ROUGE,LA,70802,1,1A,1A1,14:30.1,SECOND DEGREE MURDER,HOMICIDE,PERSON,09A,MURDER & NONNEGLIGENT MANSLAUGHTER,,10,,DOWNTOWN EAST,-91.17711,30.43967,POINT (-91.177108 30.439672)
21-042373,122985ED-FA8B-49C2-8C07-5C3975382D61,05/04/2021 05:57:18 PM,05/04/2021 08:41:28 PM,05/05/2021 08:02:12 PM,COMMITTED,,,BATON ROUGE,LA,70802,1,1A,1A1,13:35.3,DOMESTIC ABUSE BATTERY/CC,BATTERY,PERSON,13B,SIMPLE ASSAULT,,10,,DOWNTOWN EAST,,,
21-026388,6413BC20-1A1F-436E-88F8-FAC53090B8F8,03/21/2021 04:36:18 PM,03/21/2021 11:02:41 PM,03/26/2021 02:40:27 PM,COMMITTED,700 N 17TH ST,,BATON ROUGE,LA,70802,1,1A,1A2,14:34,AGGRAVATED BATTERY,BATTERY,PERSON,13A,AGGRAVATED ASSAULT,,10,,DOWNTOWN EAST,-91.17126,30.45381,POINT (-91.171257 30.45381)
21-112428,2793384E-F455-40C7-BBB9-E9C05A8896A1,11/02/2021 06:01:32 PM,11/02/2021 06:57:00 PM,11/03/2021 08:26:48 PM,COMMITTED,1334 FLORIDA ST,,BATON ROUGE,LA,70802,1,1A,1A1,14:54.1,COMMUNICATING OF FALSE INFORMATION OF PLANNED ARSON,OTHER,PERSON,13C,INTIMIDATION,,10,,DOWNTOWN EAST,-91.17601,30.44918,POINT (-91.17601 30.449182)
21-063524,00250B62-5942-4A1D-8B89-8C5CA910E593,06/30/2021 07:24:47 AM,06/30/2021 08:48:07 AM,07/06/2021 10:01:05 AM,COMMITTED,1623 CONVENTION ST,,BATON ROUGE,LA,70802,1,1A,1A1,14:34,AGGRAVATED BATTERY,BATTERY,PERSON,13A,AGGRAVATED ASSAULT,,10,,DOWNTOWN EAST,-91.17238,30.44896,POINT (-91.172381 30.448963)
21-069419,96ACA1E9-C186-48A2-95C4-F2253255D996,07/15/2021 03:10:26 PM,07/15/2021 10:42:04 PM,05/12/2023 12:09:28 PM,COMMITTED,702 S 18TH ST,,BATON ROUGE,LA,70802,2,2A,2A1,13:38,SIMPLE ASSAULT,ASSAULT,PERSON,13B,SIMPLE ASSAULT,,10,,DOWNTOWN EAST,-91.17039,30.44178,POINT (-91.170391 30.441783)
21-088457,C166DB43-BC66-42A3-8430-183ECAC1B5D9,09/02/2021 09:05:42 PM,09/02/2021 10:48:52 PM,09/07/2021 05:06:46 PM,COMMITTED,,,BATON ROUGE,LA,70802,2,2A,2A1,14:81.2,MOLESTATION OF A JUVENILE,JUVENILE,PERSON,11D,FORCIBLE FONDLING,,10,,DOWNTOWN EAST,,,
21-073240,B510DAE8-0542-43FC-A93D-063C72DAEC3C,07/25/2021 10:44:43 PM,07/26/2021 04:50:57 PM,07/30/2021 02:53:26 AM,COMMITTED,928 N 19TH ST,,BATON ROUGE,LA,70802,1,1A,1A2,13:35,SIMPLE BATTERY,BATTERY,PERSON,13B,SIMPLE ASSAULT,,10,,DOWNTOWN EAST,-91.16940,30.45712,POINT (-91.169402 30.45712)
21-089834,DAAEF387-496E-4631-BAEE-4ECE58677CC8,09/06/2021 04:10:33 AM,09/06/2021 05:13:55 PM,03/16/2022 08:32:23 AM,COMMITTED,,,BATON ROUGE,LA,70802,1,1A,1A2,14:37.4,AGGRAVATED ASSAULT WITH A FIREARM,ASSAULT,PERSON,13A,AGGRAVATED ASSAULT,,10,,DOWNTOWN EAST,,,
21-093934,00E25BCA-631E-41F7-B231-27F78267A971,09/16/2021 11:27:23 AM,09/16/2021 12:58:00 PM,09/21/2021 05:09:26 PM,COMMITTED,1623 CONVENTION ST,,BATON ROUGE,LA,70802,1,1A,1A1,14:34.7,AGGRAVATED SECOND DEGREE BATTERY,BATTERY,PERSON,13A,AGGRAVATED ASSAULT,,10,,DOWNTOWN EAST,-91.17238,30.44896,POINT (-91.172381 30.448963)
21-128782,F044AA5C-E622-42F2-8DCE-38694AECCB5D,12/16/2021 07:31:10 PM,12/16/2021 07:55:54 PM,12/23/2021 09:04:44 PM,COMMITTED,1503 GOVERNMENT ST,,BATON ROUGE,LA,70802,1,1A,1A1,14:34.2,BATTERY OF A POLICE OFFICER,BATTERY,PERSON,13A,AGGRAVATED ASSAULT,,10,,DOWNTOWN EAST,-91.17293,30.44404,POINT (-91.172926 30.444041)
21-089834,130BD1ED-3057-4A36-BADE-B8E980D9B451,09/06/2021 04:10:33 AM,09/06/2021 05:13:55 PM,03/16/2022 08:32:23 AM,COMMITTED,,,BATON ROUGE,LA,70802,1,1A,1A2,14:37.4,AGGRAVATED ASSAULT WITH A FIREARM,ASSAULT,PERSON,13A,AGGRAVATED ASSAULT,,10,,DOWNTOWN EAST,,,
21-119587,1FE7A355-C0B9-474F-80F8-B6E5E79710E6,11/21/2021 06:29:29 PM,11/21/2021 08:33:43 PM,11/22/2021 07:20:17 PM,COMMITTED,1410 CONVENTION ST,,BATON ROUGE,LA,70802,1,1A,1A1,14:34,AGGRAVATED BATTERY,BATTERY,PERSON,13A,AGGRAVATED ASSAULT,,10,,DOWNTOWN EAST,-91.17488,30.44849,POINT (-91.174876 30.448493)
21-007952,CA9CBF01-CAC9-45B7-B840-0BFE7A5BB0EB,01/26/2021 09:19:30 AM,01/26/2021 11:02:30 AM,07/16/2021 10:49:07 PM,COMMITTED,,,BATON ROUGE,LA,70802,1,1A,1A2,14:35.3,DOMESTIC ABUSE BATTERY,BATTERY,PERSON,13A,AGGRAVATED ASSAULT,,10,,DOWNTOWN EAST,,,
